{
  "mb": 4.904592289403224,
  "mbyuk": 4.904592289403224,
  "gb": 40.0,
  "dmb": [
    0.0,
    0.0,
    0.0
  ],
  "dgb": 0.0,
  "gb1": {
    "real": 3.931785353451284e-12,
    "imag": 0.0
  },
  "gb2": {
    "real": 3.931785353451284e-12,
    "imag": 0.0
  },
  "gt1": {
    "real": 0.0,
    "imag": 0.0
  },
  "gt2": {
    "real": 0.0,
    "imag": 0.0
  },
  "Sind": 1,
  "lpseudo": 1,
  "lam": 1,
  "muRggh": 400.0,
  "muFggh": 400.0,
  "subtr": true,
  "ptcut": false,
  "rapcut": false,
  "z": 0.00020408163265306123,
  "sigmanull": 3.5493779254801012,
  "lfh": 1.3862943611198906,
  "lrh": 1.3862943611198906,
  "lfr": 0.0,
  "pdfnamein": "MMHT2014nlo68cl",
  "mcos": 1.7707220551656426,
  "mbos": 4.904592289403224,
  "mbMSbarmuR": 2.560688287901179,
  "alphasggh": 0.09788790527560179,
  "mbrunloop": 0,
  "mh2": 40000.0,
  "maxrap": 4.248495242049359,
  "minrap": 0.0,
  "pseudorap": true,
  "ppcoll": false,
  "norder": 1,
  "mgl": 2500.0,
  "mu": 1000.0,
  "tanb": 40.0,
  "mA": 200.0,
  "mt": 173.3,
  "mbsb": 2.3276424356575665,
  "mbMSbarmuD": 2.356802396825004,
  "msb12": 2245244.900925068,
  "msb22": 2267978.6811706363,
  "mst12": 1792715.9522954938,
  "mst22": 2763197.432248035,
  "Abtree": 2825.0,
  "Ab": 2825.0,
  "Attree": 2825.0,
  "At": 2825.0,
  "thetabos": 1.063293245110727,
  "thetatos": -0.7845249601830931,
  "sthetab": 0.8739607244827562,
  "cthetab": -0.48599655560669963,
  "sthetat": -0.7064890637720542,
  "cthetat": 0.7077239594435717,
  "s2thetab": -0.8494838036683107,
  "c2thetab": -0.5276146958768482,
  "s2thetat": -0.9999984750326805,
  "c2thetat": 0.0017464055409726065,
  "tanbeta": 40.0,
  "gth": 0.025,
  "gbh": 40.0,
  "gth11": {
    "real": 0.0,
    "imag": -0.0
  },
  "gth12": {
    "real": 6.177870744373918,
    "imag": -0.0
  },
  "gth21": {
    "real": -6.177870744373918,
    "imag": 0.0
  },
  "gth22": {
    "real": 0.0,
    "imag": -0.0
  },
  "gbh11": {
    "real": 3.931785353451284e-12,
    "imag": -0.0
  },
  "gbh12": {
    "real": 48976.59462364744,
    "imag": -0.0
  },
  "gbh21": {
    "real": -48976.59462364744,
    "imag": 0.0
  },
  "gbh22": {
    "real": 3.931785353451284e-12,
    "imag": -0.0
  },
  "gc": 0.0,
  "gt": 0.025
}