{
  "mb": 4.904592289403224,
  "mbyuk": 4.904592289403224,
  "gb": 10.0,
  "dmb": [
    0.0,
    0.0,
    0.0
  ],
  "dgb": 0.0,
  "gb1": {
    "real": 0.0,
    "imag": 0.0
  },
  "gb2": {
    "real": 0.0,
    "imag": 0.0
  },
  "gt1": {
    "real": 0.0,
    "imag": 0.0
  },
  "gt2": {
    "real": 0.0,
    "imag": 0.0
  },
  "Sind": 1,
  "lpseudo": 1,
  "lam": 1,
  "muRggh": 400.0,
  "muFggh": 400.0,
  "subtr": true,
  "ptcut": false,
  "rapcut": false,
  "z": 0.00020408163265306123,
  "sigmanull": 3.5493779254801012,
  "lfh": 1.3862943611198906,
  "lrh": 1.3862943611198906,
  "lfr": 0.0,
  "pdfnamein": "MMHT2014nlo68cl",
  "mcos": 1.7707220551656426,
  "mbos": 4.904592289403224,
  "mbMSbarmuR": 2.560688287901179,
  "alphasggh": 0.09788790527560179,
  "mbrunloop": 0,
  "mh2": 40000.0,
  "maxrap": 4.248495242049359,
  "minrap": 0.0,
  "pseudorap": true,
  "ppcoll": false,
  "norder": 1,
  "mgl": 2500.0,
  "mu": 1000.0,
  "tanb": 10.0,
  "mA": 200.0,
  "mt": 173.3,
  "mbsb": 2.0213162996788565,
  "mbMSbarmuD": 2.356802396825004,
  "msb12": 2250880.1687063295,
  "msb22": 2552258.969403682,
  "mst12": 1792614.092847018,
  "mst22": 2763378.292824104,
  "Abtree": 3346.51588337224,
  "Ab": 3346.51588337224,
  "Attree": 2349.86643595137,
  "At": 2349.86643595137,
  "thetabos": 1.556372917929469,
  "thetatos": 1.1043982099686505,
  "sthetab": 0.9998959844416064,
  "cthetab": 0.014422908775648313,
  "sthetat": 0.8931937447569321,
  "cthetat": -0.44967202973621606,
  "s2thetab": 0.02884281713747671,
  "c2thetab": -0.9995839594048986,
  "s2thetat": -0.8032884883050827,
  "c2thetat": -0.5955901313458232,
  "tanbeta": 10.0,
  "gth": 0.1,
  "gbh": 10.0,
  "gth11": {
    "real": 0.0,
    "imag": -0.0
  },
  "gth12": {
    "real": 7.1262933848536445,
    "imag": -0.0
  },
  "gth21": {
    "real": -7.1262933848536445,
    "imag": 0.0
  },
  "gth22": {
    "real": 0.0,
    "imag": -0.0
  },
  "gbh11": {
    "real": 0.0,
    "imag": -0.0
  },
  "gbh12": {
    "real": 17050.84891424376,
    "imag": -0.0
  },
  "gbh21": {
    "real": -17050.84891424376,
    "imag": 0.0
  },
  "gbh22": {
    "real": 0.0,
    "imag": -0.0
  },
  "gc": 0.0,
  "gt": 0.1
}