{
  "mb": 4.615717424079122,
  "mbyuk": 4.615717424079122,
  "gb": 40.0,
  "dmb": [
    0.0,
    0.0,
    0.0
  ],
  "dgb": 0.0,
  "gb1": {
    "real": -1.9215248358848544e-12,
    "imag": 0.0
  },
  "gb2": {
    "real": -1.9215248358848544e-12,
    "imag": 0.0
  },
  "gt1": {
    "real": -1.6400293958686674e-17,
    "imag": 0.0
  },
  "gt2": {
    "real": -1.6400293958686674e-17,
    "imag": 0.0
  },
  "Sind": 1,
  "lpseudo": 1,
  "lam": 1,
  "muRggh": 400.5892011961254,
  "muFggh": 400.5892011961254,
  "subtr": true,
  "ptcut": false,
  "rapcut": false,
  "z": 0.00020408163265306123,
  "sigmanull": 7.098755850960203,
  "lfh": 1.3892381994910439,
  "lrh": 1.3892381994910439,
  "lfr": 5.992936466293559,
  "pdfnamein": "MMHT2014nlo68cl",
  "mcos": 1.482329415722408,
  "mbos": 4.615717424079122,
  "mbMSbarmuR": 2.872387676541782,
  "alphasggh": 0.09787002295769318,
  "mbrunloop": 0,
  "mh2": 40000.0,
  "maxrap": 4.248495242049359,
  "minrap": 0.0,
  "pseudorap": false,
  "ppcoll": false,
  "norder": 1,
  "mbsb": 2.3665962697643455,
  "sthetab": 0.967028183263274,
  "cthetab": 0.2546693793421812,
  "Ab": 3346.51588337224,
  "msb12": 2228526.0528827407,
  "msb22": 2574415.79934968,
  "mt": 173.3,
  "sthetat": 0.8896506459396261,
  "cthetat": -0.45664179416606854,
  "At": 2349.86643595137,
  "mst12": 1782083.5331926283,
  "mst22": 2773831.7177199535,
  "gth": 0.025,
  "gbh": 40.0,
  "gth11": {
    "real": -1.6400293958686674e-17,
    "imag": 0.0
  },
  "gth12": {
    "real": 6.10932868377833,
    "imag": -0.0
  },
  "gth21": {
    "real": -6.10932868377833,
    "imag": 0.0
  },
  "gth22": {
    "real": -1.6400293958686674e-17,
    "imag": 0.0
  },
  "gbh11": {
    "real": -1.9215248358848544e-12,
    "imag": 0.0
  },
  "gbh12": {
    "real": 56985.06207326964,
    "imag": -0.0
  },
  "gbh21": {
    "real": -56985.06207326964,
    "imag": 0.0
  },
  "gbh22": {
    "real": -1.9215248358848544e-12,
    "imag": 0.0
  },
  "gc": 0.0,
  "gt": 0.025
}