{
  "norder": 1,
  "sigmaLO": [
    27.293060912392097
  ],
  "errorLO": [
    0.09249457059872605
  ],
  "sigmaNLO": [
    [
      