{
  "mb": 4.904592289403224,
  "mbyuk": 4.904592289403224,
  "gb": 40.0,
  "dmb": [
    0.0,
    0.0,
    0.0
  ],
  "dgb": 0.0,
  "gb1": {
    "real": 0.0,
    "imag": 0.0
  },
  "gb2": {
    "real": 0.0,
    "imag": 0.0
  },
  "gt1": {
    "real": -1.6400293958686674e-17,
    "imag": 0.0
  },
  "gt2": {
    "real": -1.6400293958686674e-17,
    "imag": 0.0
  },
  "Sind": 1,
  "lpseudo": 1,
  "lam": 1,
  "muRggh": 400.0,
  "muFggh": 400.0,
  "subtr": true,
  "ptcut": false,
  "rapcut": false,
  "z": 0.00020408163265306123,
  "sigmanull": 3.5493779254801012,
  "lfh": 1.3862943611198906,
  "lrh": 1.3862943611198906,
  "lfr": 0.0,
  "pdfnamein": "MMHT2014nlo68cl",
  "mcos": 1.7707220551656426,
  "mbos": 4.904592289403224,
  "mbMSbarmuR": 2.560688287901179,
  "alphasggh": 0.09788790527560179,
  "mbrunloop": 0,
  "mh2": 40000.0,
  "maxrap": 4.248495242049359,
  "minrap": 0.0,
  "pseudorap": true,
  "ppcoll": false,
  "norder": 1,
  "mgl": 2500.0,
  "mu": 1000.0,
  "tanb": 40.0,
  "mA": 200.0,
  "mbsb": 2.367658338325251,
  "sthetab": 0.9669976669310114,
  "cthetab": 0.2547852274955922,
  "Ab": 3346.51588337224,
  "msb12": 2228504.0680446355,
  "msb22": 2574418.0918196766,
  "mt": 173.3,
  "sthetat": 0.8896506459396261,
  "cthetat": -0.45664179416606854,
  "At": 2349.86643595137,
  "mst12": 1782083.5331926283,
  "mst22": 2773831.7177199535,
  "gth": 0.025,
  "gbh": 40.0,
  "gth11": {
    "real": -1.6400293958686674e-17,
    "imag": 0.0
  },
  "gth12": {
    "real": 6.10932868377833,
    "imag": -0.0
  },
  "gth21": {
    "real": -6.10932868377833,
    "imag": 0.0
  },
  "gth22": {
    "real": -1.6400293958686674e-17,
    "imag": 0.0
  },
  "gbh11": {
    "real": 0.0,
    "imag": -0.0
  },
  "gbh12": {
    "real": 56959.50008998446,
    "imag": -0.0
  },
  "gbh21": {
    "real": -56959.50008998446,
    "imag": 0.0
  },
  "gbh22": {
    "real": 0.0,
    "imag": -0.0
  },
  "gc": 0.0,
  "gt": 0.025
}